[{"constant":true,"inputs":[{"name":"","type":"uint256"}],"name":"todoList","outputs":[{"name":"todoId","type":"uint256"},{"name":"owner","type":"address"},{"name":"title","type":"string"},{"name":"photo","type":"bytes"},{"name":"timestamp","type":"uint256"},{"name":"isVerified","type":"bool"},{"name":"verifier","type":"address"}],"payable":false,"stateMutability":"view","type":"function"},{"constant":true,"inputs":[{"name":"","type":"uint256"}],"name":"todoMap","outputs":[{"name":"todoId","type":"uint256"},{"name":"owner","type":"address"},{"name":"title","type":"string"},{"name":"photo","type":"bytes"},{"name":"timestamp","type":"uint256"},{"name":"isVerified","type":"bool"},{"name":"verifier","type":"address"}],"payable":false,"stateMutability":"view","type":"function"},{"anonymous":false,"inputs":[{"indexed":true,"name":"todoId","type":"uint256"},{"indexed":false,"name":"owner","type":"address"},{"indexed":false,"name":"title","type":"string"},{"indexed":false,"name":"photo","type":"bytes"},{"indexed":false,"name":"timestamp","type":"uint256"}],"name":"TodoCompleted","type":"event"},{"anonymous":false,"inputs":[{"indexed":true,"name":"todoId","type":"uint256"},{"indexed":false,"name":"verifier","type":"address"}],"name":"TodoVerified","type":"event"},{"constant":false,"inputs":[{"name":"title","type":"string"},{"name":"photo","type":"bytes"}],"name":"writeTodo","outputs":[],"payable":false,"stateMutability":"nonpayable","type":"function"},{"constant":false,"inputs":[{"name":"todoId","type":"uint256"}],"name":"verifyTodo","outputs":[],"payable":false,"stateMutability":"nonpayable","type":"function"},{"constant":true,"inputs":[],"name":"getTotalTodoCount","outputs":[{"name":"","type":"uint256"}],"payable":false,"stateMutability":"view","type":"function"},{"constant":true,"inputs":[{"name":"todoId","type":"uint256"}],"name":"getTodo","outputs":[{"name":"","type":"uint256"},{"name":"","type":"address"},{"name":"","type":"string"},{"name":"","type":"bytes"},{"name":"","type":"uint256"},{"name":"","type":"bool"},{"name":"","type":"address"}],"payable":false,"stateMutability":"view","type":"function"}]