[
	{
		"constant": false,
		"inputs": [],
		"name": "kill",
		"outputs": [],
		"payable": false,
		"stateMutability": "nonpayable",
		"type": "function"
	},
	{
		"constant": false,
		"inputs": [
			{
				"name": "_num",
				"type": "uint256"
			}
		],
		"name": "play",
		"outputs": [],
		"payable": true,
		"stateMutability": "payable",
		"type": "function"
	},
	{
		"inputs": [
			{
				"name": "_minBet",
				"type": "uint256"
			}
		],
		"payable": true,
		"stateMutability": "payable",
		"type": "constructor"
	},
	{
		"payable": false,
		"stateMutability": "nonpayable",
		"type": "fallback"
	},
	{
		"anonymous": false,
		"inputs": [
			{
				"indexed": false,
				"name": "_result",
				"type": "bool"
			},
			{
				"indexed": false,
				"name": "_amount",
				"type": "uint256"
			}
		],
		"name": "Won",
		"type": "event"
	},
	{
		"constant": true,
		"inputs": [],
		"name": "getBalance",
		"outputs": [
			{
				"name": "",
				"type": "uint256"
			}
		],
		"payable": false,
		"stateMutability": "view",
		"type": "function"
	},
	{
		"constant": true,
		"inputs": [],
		"name": "random",
		"outputs": [
			{
				"name": "",
				"type": "uint256"
			}
		],
		"payable": false,
		"stateMutability": "view",
		"type": "function"
	}
]